epoch,loss,val_loss
0,0.2989814281463623,NA
1,159.15110778808594,NA
2,0.6151359677314758,NA
3,0.5576819777488708,NA
4,0.4459078907966614,NA
5,0.3732064962387085,NA
